p_id,category_name,p_source_id,title,price,brand,rating,reviews_quantity,cpu,cpu_rate,hertz,cores,gpu,gpu_rate,ram,ram_type,ssd,drive_size,url
4229,notebooks,100011103,Acer Extensa EX2519-P07G NX.EFAER.059 черный,149900,Acer,10,33,intel pentium n3710,49,1600,4,intel hd graphics 405,14,4,DDR3L,false,1000,https://kaspi.kz/shop/p/acer-extensa-ex2519-p07g-nx-efaer-059-chernyi-100011103/?c=750000000
4230,notebooks,1307545,Lenovo S145-15AST 81N30050RK черный,112221,Lenovo,10,54,amd a6-9225,47,2600,2,amd radeon r4,19,4,DDR4,false,500,https://kaspi.kz/shop/p/lenovo-s145-15ast-81n30050rk-chernyi-1307545/?c=750000000
4231,notebooks,100170834,HP 255 G7 6HM04EA черный,99900,HP,10,8,amd a4 9125,47,2300,2,amd radeon r3,18,4,DDR4,false,500,https://kaspi.kz/shop/p/hp-255-g7-6hm04ea-chernyi-100170834/?c=750000000
4232,notebooks,1307555,ASUS X507MA-EJ305T 90NB0HL1-M05420 черный-серебристый,129990,ASUS,9,19,intel pentium n5000,45,1100,4,intel uhd graphics 605,18.5,4,DDR4,false,500,https://kaspi.kz/shop/p/asus-x507ma-ej305t-90nb0hl1-m05420-chernyi-serebristyi-1307555/?c=750000000
4233,notebooks,100055405,ASUS X509UJ-EJ037T 90NB0N72-M00430 серый,199990,ASUS,10,11,intel core i3 7020u,59,2300,2,nvidia geforce mx230,49,4,DDR4,false,1000,https://kaspi.kz/shop/p/asus-x509uj-ej037t-90nb0n72-m00430-seryi-100055405/?c=750000000
4234,notebooks,100104755,Acer Aspire A315-54K NX.HEEER.01F черный,183988,Acer,10,29,intel core i3 6006u,58,2000,2,intel hd graphics 520,18,4,DDR4,false,1000,https://kaspi.kz/shop/p/acer-aspire-a315-54k-nx-heeer-01f-chernyi-100104755/?c=750000000
4236,notebooks,100104481,Acer Nitro 5 AN515-43 NH.Q6NER.003 черный,298890,Acer,10,19,amd ryzen 5 3550h,68,2100,4,nvidia geforce gtx 1050 ti + amd radeon vega 8,54,6,DDR4,true,512,https://kaspi.kz/shop/p/acer-nitro-5-an515-43-nh-q6ner-003-chernyi-100104481/?c=750000000
4237,notebooks,100090352,Lenovo Legion Y7000 81T0001CRK черный,369900,Lenovo,10,15,intel core i5 9300h,68,2400,4,nvidia geforce gtx 1650 + intel uhd graphics 630,68,8,DDR4,true,1128,https://kaspi.kz/shop/p/lenovo-legion-y7000-81t0001crk-chernyi-100090352/?c=750000000
4241,notebooks,100023514,Acer Nitro 5 AN515-54 NH.Q5AER.01P черный,349900,Acer,10,34,intel core i5 9300h,68,2400,4,nvidia geforce gtx 1050 + intel uhd graphics 630,54,8,DDR4,true,512,https://kaspi.kz/shop/p/acer-nitro-5-an515-54-nh-q5aer-01p-chernyi-100023514/?c=750000000
4243,notebooks,1307566,Acer EX2519 NX.EFAER.12A черный,165990,Acer,9,19,intel pentium n3710,49,1600,4,intel hd graphics 405,14,4,DDR3L,false,1000,https://kaspi.kz/shop/p/acer-ex2519-nx-efaer-12a-chernyi-1307566/?c=750000000
4245,notebooks,100051366,HP Pavilion Gaming 15-ec0013ur 8NF73EA черный,338990,HP,10,19,amd ryzen 5 3550h,68,2100,4,nvidia geforce gtx 1650 + amd radeon vega 8,68,8,DDR4,true,512,https://kaspi.kz/shop/p/hp-pavilion-gaming-15-ec0013ur-8nf73ea-chernyi-100051366/?c=750000000
4246,notebooks,1307520,Lenovo Legion Y530 81FV01CMRK черный,323990,Lenovo,10,10,intel core i5 8300h,77,2300,4,nvidia geforce gtx 1050 + intel uhd graphics 630,54,8,DDR4,true,1128,https://kaspi.kz/shop/p/lenovo-legion-y530-81fv01cmrk-chernyi-1307520/?c=750000000
4248,notebooks,100003338,ASUS TUF Gaming FX505DT-AL097 90NR02D1-M07360 черный,328990,ASUS,10,16,amd ryzen 5 3550h,68,2100,4,nvidia geforce gtx 1650 + amd radeon vega 8,68,8,DDR4,true,512,https://kaspi.kz/shop/p/asus-tuf-gaming-fx505dt-al097-90nr02d1-m07360-chernyi-100003338/?c=750000000
4249,notebooks,1307584,Acer EX2519 NX.EFAER.12A черный,165290,Acer,9,13,intel pentium n3710,49,1600,4,intel hd graphics,15,,,false,1000,https://kaspi.kz/shop/p/acer-ex2519-nx-efaer-12a-chernyi-1307584/?c=750000000
4251,notebooks,1307583,Acer Nitro 5 AN515-54-5292 NH.Q59ER.02P черный,349190,Acer,10,20,intel core i5 9300h,68,,,nvidia geforce gtx 1650,68,,,true,512,https://kaspi.kz/shop/p/acer-nitro-5-an515-54-5292-nh-q59er-02p-chernyi-1307583/?c=750000000
4255,notebooks,100081778,Lenovo Ideapad L340-15IWL 81LG007JRK черный,115899,Lenovo,10,5,intel celeron 4205u,49,1800,2,intel uhd graphics 610,19,4,DDR4,false,1000,https://kaspi.kz/shop/p/lenovo-ideapad-l340-15iwl-81lg007jrk-chernyi-100081778/?c=750000000
4256,notebooks,100109950,Acer Aspire 3 A315-54K NX.HEEER.01G черный,169190,Acer,10,6,intel core i3-6006u,58,2000,,intel hd graphics,15,4,,false,1000,https://kaspi.kz/shop/p/acer-aspire-3-a315-54k-nx-heeer-01g-chernyi-100109950/?c=750000000
4258,notebooks,1307403,Lenovo IdeaPad S145-15-IKB 81VD001KRK черный,158382,Lenovo,10,3,intel core i3 7020u,59,2300,2,intel hd graphics 620,20,4,DDR4,false,1000,https://kaspi.kz/shop/p/lenovo-ideapad-s145-15-ikb-81vd001krk-chernyi-1307403/?c=750000000
4260,notebooks,100106207,Acer Nitro 5 AN515-43 NH.Q5XER.004 черный,324900,Acer,10,24,amd ryzen 5 3550h,68,2100,4,amd radeon rx560x,55,8,DDR4,true,512,https://kaspi.kz/shop/p/acer-nitro-5-an515-43-nh-q5xer-004-chernyi-100106207/?c=750000000
4261,notebooks,100170577,HP 255 G7 7DF12EA серый,118900,HP,9,4,amd a6-9225,47,2600,2,amd radeon r4,19,4,DDR4,false,1000,https://kaspi.kz/shop/p/hp-255-g7-7df12ea-seryi-100170577/?c=750000000
4263,notebooks,1307352,Acer Aspire 3 A315-54K NX.HEEER.013 черный,199990,Acer,9,15,intel core i3 7020u,59,2300,2,intel hd graphics 620,20,4,,false,1000,https://kaspi.kz/shop/p/acer-aspire-3-a315-54k-nx-heeer-013-chernyi-1307352/?c=750000000
4265,notebooks,100106045,Acer Nitro 5 AN515-43 NH.Q6NER.004 черный,339190,Acer,10,11,amd ryzen 5 3550h,68,2100,4,nvidia geforce gtx 1050 ti + amd radeon vega 8,54,6,DDR4,true,1512,https://kaspi.kz/shop/p/acer-nitro-5-an515-43-nh-q6ner-004-chernyi-100106045/?c=750000000
4268,notebooks,100029766,Acer Aspire A315-42 NX.HF9ER.02F черный,191900,Acer,10,9,amd ryzen 3 3200u,68,2600,2,amd radeon vega 3,18,4,DDR4,false,1000,https://kaspi.kz/shop/p/acer-aspire-a315-42-nx-hf9er-02f-chernyi-100029766/?c=750000000
4270,notebooks,100018608,ASUS ViviBook X540UA-DM1539 черный-золотистый,170900,ASUS,10,10,intel core i3 7020u,59,2300,2,intel uhd graphics 620,20,4,DDR3,false,500,https://kaspi.kz/shop/p/asus-vivibook-x540ua-dm1539-chernyi-zolotistyi-100018608/?c=750000000
4271,notebooks,100106029,Acer Nitro 5 AN515-43 NH.Q6NER.002 черный,289290,Acer,10,8,amd ryzen 5 3550h,68,2100,4,nvidia geforce gtx 1050 ti + amd radeon vega 8,54,8,DDR4,true,512,https://kaspi.kz/shop/p/acer-nitro-5-an515-43-nh-q6ner-002-chernyi-100106029/?c=750000000
4273,notebooks,100129798,Lenovo IdeaPad S340-14API 81NB0083RK серый,149990,Lenovo,10,2,amd ryzen 3 3200u,68,2600,2,amd radeon vega 3 graphics,35,4,DDR4,false,1000,https://kaspi.kz/shop/p/lenovo-ideapad-s340-14api-81nb0083rk-seryi-100129798/?c=750000000
4277,notebooks,100120340,Acer Aspire 3 A315-55 NX.HEHER.01G черный,239990,Acer,10,3,intel core i3-7020u,59,,,nvidia geforce mx 130,42,4,DDR4,false,1000,https://kaspi.kz/shop/p/acer-aspire-3-a315-55-nx-heher-01g-chernyi-100120340/?c=750000000
4280,notebooks,100132174,Lenovo IdeaPad S340-14API 81NB0086RK серый,188969,Lenovo,10,1,amd ryzen 3 3200u,68,2600,2,amd radeon vega 3,18,4,DDR4,false,1000,https://kaspi.kz/shop/p/lenovo-ideapad-s340-14api-81nb0086rk-seryi-100132174/?c=750000000
4290,notebooks,100080228,Lenovo IdeaPad S340-15API 81NC00BNRK серебристый,149900,Lenovo,0,0,amd ryzen 3 3200u,68,2600,2,amd radeon vega 3,18,4,DDR4,false,1000,https://kaspi.kz/shop/p/lenovo-ideapad-s340-15api-81nc00bnrk-serebristyi-100080228/?c=750000000
4291,notebooks,1307187,Acer Nitro AN515-54 NH.Q59ER.026 черный,419990,Acer,10,70,intel core i5 9300h,68,2400,4,nvidia geforce gtx 1650,68,8,DDR4,true,512,https://kaspi.kz/shop/p/acer-nitro-an515-54-nh-q59er-026-chernyi-1307187/?c=750000000
4304,notebooks,100030790,Lenovo Legion Y540-15IRH 81SY00FDRK черный,449990,Lenovo,10,11,intel core i7-9750h,93,,,intel uhd graphics 630 + nvidia geforce gtx 1650,68,,,true,1000,https://kaspi.kz/shop/p/lenovo-legion-y540-15irh-81sy00fdrk-chernyi-100030790/?c=750000000
4306,notebooks,1306754,HP 15-bs152ur 3XY39EA черный,178990,HP,9,15,intel core i3 5005u,56,2000,2,intel hd graphics 5500,12,4,DDR3L,false,500,https://kaspi.kz/shop/p/hp-15-bs152ur-3xy39ea-chernyi-1306754/?c=750000000
4312,notebooks,100006210,ASUS VivoBook X540UA-DM1539 90NB0HF1-M21590 черный,164869,ASUS,10,8,intel core i3 7020u,59,2300,2,intel hd graphics 620,20,4,DDR3,false,500,https://kaspi.kz/shop/p/asus-vivobook-x540ua-dm1539-90nb0hf1-m21590-chernyi-100006210/?c=750000000
4314,notebooks,1307571,Acer Nitro 5 AN515-54 NH.Q59ER.02L черный,467990,Acer,10,9,intel core i5 9300h,68,2400,4,nvidia geforce gtx 1650,68,8,DDR4,false,1000,https://kaspi.kz/shop/p/acer-nitro-5-an515-54-nh-q59er-02l-chernyi-1307571/?c=750000000
4317,notebooks,1307581,HP 17-ca1022ur 8PN51EA черный,238900,HP,10,0,amd ryzen 3 3200u,68,,,amd radeon vega 3,18,,,true,256,https://kaspi.kz/shop/p/hp-17-ca1022ur-8pn51ea-chernyi-1307581/?c=750000000
4318,notebooks,100023316,HP Gaming Pavilion 15-ec0032ur 8RU37EA черный,414990,HP,10,12,amd ryzen 5 3550h,68,,,amd radeon vega 8 + nvidia gtx 1650,68,8,DDR4,true,1256,https://kaspi.kz/shop/p/hp-gaming-pavilion-15-ec0032ur-8ru37ea-chernyi-100023316/?c=750000000
4328,notebooks,1306732,ASUS X407MA 90NB0HR1-M02910 серый,139900,ASUS,10,2,intel pentium n5000,45,1100,4,intel uhd graphics 605,18.5,4,DDR4,true,128,https://kaspi.kz/shop/p/asus-x407ma-90nb0hr1-m02910-seryi-1306732/?c=750000000
4336,notebooks,1305996,HP Notebook 15-bs155ur 3XY43EA черный,168900,HP,10,17,intel core i3 5005u,56,2000,2,intel hd graphics 5500,12,4,DDR3L,false,500,https://kaspi.kz/shop/p/hp-notebook-15-bs155ur-3xy43ea-chernyi-1305996/?c=750000000
4337,notebooks,100035215,HP Europe 15-BS182UR 4UM08EA черный,131900,HP,0,0,intel pentium gold 4417u,54,2300,2,intel hd graphics 610,18,4,DDR4,false,500,https://kaspi.kz/shop/p/hp-europe-15-bs182ur-4um08ea-chernyi-100035215/?c=750000000
4341,notebooks,100018517,ASUS X507MA-EJ314 90NB0HL1-M07060 серебристый,129900,ASUS,9,15,intel pentium silver n5000,45,1100,4,intel uhd graphics 605,18.5,4,DDR4,false,1000,https://kaspi.kz/shop/p/asus-x507ma-ej314-90nb0hl1-m07060-serebristyi-100018517/?c=750000000
4343,notebooks,1307370,Lenovo V145-15AST 81MT0017RA черный,137000,Acer,9,11,amd a6 9225,47,2600,,amd radeon r4,19,4,DDR4,false,1000,https://kaspi.kz/shop/p/lenovo-v145-15ast-81mt0017ra-chernyi-1307370/?c=750000000
4344,notebooks,1307335,HP Pavilion Gaming 15-DK0027UR 7QE63EA черный,385900,HP,10,1,intel core i5 9300h,68,2400,4,intel uhd graphics 630 + nvidia geforce gtx 1050,54,8,DDR4,false,1000,https://kaspi.kz/shop/p/hp-pavilion-gaming-15-dk0027ur-7qe63ea-chernyi-1307335/?c=750000000
4350,notebooks,100036058,HP 15-bs149ur черный,153900,HP,2,1,intel pentium gold 4417u,54,2300,2,intel hd graphics 610,18,4,DDR4,false,500,https://kaspi.kz/shop/p/hp-15-bs149ur-chernyi-100036058/?c=750000000
4353,notebooks,1307401,ASUS X543MA-DM486T 90NB0IR6-M07900 серебристый,114990,ASUS,8,18,intel celeron n4000,22,1100,2,intel uhd graphics 600,18,4,DDR4,false,500,https://kaspi.kz/shop/p/asus-x543ma-dm486t-90nb0ir6-m07900-serebristyi-1307401/?c=750000000
4368,notebooks,100172024,Lenovo Ideapad S130 81J200ESRK серебристый,114990,Lenovo,2,0,intel celeron n4000,22,1100,2,intel hd graphics 600,18,4,,true,64,https://kaspi.kz/shop/p/lenovo-ideapad-s130-81j200esrk-serebristyi-100172024/?c=750000000
4376,notebooks,100123713,Acer Aspire 3 A315-55 NX.HEHER.01H черный,249990,Acer,10,4,intel core i3-7020u,59,,,nvidia geforce mx 130,42,8,DDR4,false,1000,https://kaspi.kz/shop/p/acer-aspire-3-a315-55-nx-heher-01h-chernyi-100123713/?c=750000000
4380,notebooks,100105373,Lenovo IdeaPad S145-15IKB 81VD001DRK черный,184990,Lenovo,9,3,intel core i3-7020u,59,2300,2,nvidia geforce mx110 2gb,41,4,DDR4,false,1000,https://kaspi.kz/shop/p/lenovo-ideapad-s145-15ikb-81vd001drk-chernyi-100105373/?c=750000000
4386,notebooks,1306659,HP 250 G6 3VJ21EA черный,156587,HP,10,1,intel pentium n5000,45,1100,4,intel uhd graphics 605,18.5,4,DDR4,false,500,https://kaspi.kz/shop/p/hp-250-g6-3vj21ea-chernyi-1306659/?c=750000000
4390,notebooks,1307533,Lenovo IdeaPad S145-15IKB 81VD001GRK черный,202900,Lenovo,8,1,intel core i3 7020u,59,2300,,nvidia geforce mx110,41,4,DDR4,false,1000,https://kaspi.kz/shop/p/lenovo-ideapad-s145-15ikb-81vd001grk-chernyi-1307533/?c=750000000
4391,notebooks,100065958,Lenovo Ideapad S145 81UT003RRK Черный,129900,Lenovo,10,1,amd athlon 300u,69,2400,2,amd radeon vega 3,18,4,DDR4,false,1000,https://kaspi.kz/shop/p/lenovo-ideapad-s145-81ut003rrk-chernyi-100065958/?c=750000000
4402,notebooks,1307322,HP Europe 15-DB1056UR 7JX40EA черный,170900,HP,8,7,amd ryzen 3 3200u,68,2600,2,amd radeon vega 3,18,4,DDR4,false,1000,https://kaspi.kz/shop/p/hp-europe-15-db1056ur-7jx40ea-chernyi-1307322/?c=750000000
4416,notebooks,1306413,Acer Aspire E5-576G NX.GSBEY.002 черный,298158,Acer,9,8,intel core i5 8250u,60,1600,4,nvidia geforce mx150,47,8,DDR3L,false,1000,https://kaspi.kz/shop/p/acer-aspire-e5-576g-nx-gsbey-002-chernyi-1306413/?c=750000000
4427,notebooks,1307554,Lenovo Ideapad 330-17AST 81D7006SRK серый,123900,Lenovo,9,5,amd a6 9225,47,,,amd radeon r4,19,,,false,1000,https://kaspi.kz/shop/p/lenovo-ideapad-330-17ast-81d7006srk-seryi-1307554/?c=750000000
4431,notebooks,1307258,HP 15-db1087ur 7PX99EA черный,182900,HP,10,1,amd ryzen 3 3200u,68,2600,2,amd radeon vega 3,18,4,DDR4,false,1000,https://kaspi.kz/shop/p/hp-15-db1087ur-7px99ea-chernyi-1307258/?c=750000000
4439,notebooks,1307572,Acer A315-41-R9SC NX.GY9ER.029 черный,179290,Acer,9,3,ryzen 3 2200u,63,2500,2,amd radeon vega 3,18,4,DDR4,false,1000,https://kaspi.kz/shop/p/acer-a315-41-r9sc-nx-gy9er-029-chernyi-1307572/?c=750000000
4441,notebooks,1307552,Acer Aspire A315-55KG-319V NX.HEHER.010 черный,234089,Acer,8,3,intel core i3 7020u,59,,,nvidia geforce mx130,42,4,DDR4,false,1000,https://kaspi.kz/shop/p/acer-aspire-a315-55kg-319v-nx-heher-010-chernyi-1307552/?c=750000000
4448,notebooks,1306761,HP 15-rb035ur 4US56EA черный,146159,HP,9,2,amd a6 9220,40,2500,,amd radeon r4,19,4,DDR4,false,500,https://kaspi.kz/shop/p/hp-15-rb035ur-4us56ea-chernyi-1306761/?c=750000000
4451,notebooks,1306747,Acer Aspire 3 A315-53G-33WX NX.H9JER.001 черный,159890,Acer,9,5,intel core i3 7020u,59,2300,2,nvidia geforce mx130 + intel hd graphics 620,42,4,DDR4,false,1000,https://kaspi.kz/shop/p/acer-aspire-3-a315-53g-33wx-nx-h9jer-001-chernyi-1306747/?c=750000000
4452,notebooks,100052147,HP 15-bc542ur черный,384900,HP,10,1,intel core i5 9300h,68,2400,4,nvidia geforce gtx 1650,68,8,DDR4,true,1256,https://kaspi.kz/shop/p/hp-15-bc542ur-chernyi-100052147/?c=750000000
4466,notebooks,1307331,HP Europe 15-DB1093UR 7RY93EA черный,232900,HP,10,7,amd ryzen 5 3500u,70,2100,4,amd radeon vega 8,40,4,DDR4,false,1000,https://kaspi.kz/shop/p/hp-europe-15-db1093ur-7ry93ea-chernyi-1307331/?c=750000000
4469,notebooks,1307005,Lenovo IdeaPad L340-15API 81LW0029RK черный,149900,Lenovo,7,3,amd ryzen 3 3200u,68,2600,2,amd radeon vega 3,18,4,DDR4,false,1000,https://kaspi.kz/shop/p/lenovo-ideapad-l340-15api-81lw0029rk-chernyi-1307005/?c=750000000
4470,notebooks,100104307,Lenovo Legion Y7000 81NS001URK черный,519900,Lenovo,10,1,intel core i5 9300h,68,2400,4,nvidia geforce rtx 2060,79,8,DDR4,true,1128,https://kaspi.kz/shop/p/lenovo-legion-y7000-81ns001urk-chernyi-100104307/?c=750000000
4493,notebooks,1307139,HP Europe Omen 15-DC1047UR 7QE15EA черный,477900,HP,10,2,intel core i5 9300h,68,2400,4,nvidia geforce gtx 1650 + intel uhd graphics 630,68,8,,true,1256,https://kaspi.kz/shop/p/hp-europe-omen-15-dc1047ur-7qe15ea-chernyi-1307139/?c=750000000
4514,notebooks,1307306,HP Pavilion Gaming 15-dk0025ur 7PY74EA черный,488900,HP,10,3,intel core i5 9300h,68,2400,6,nvidia geforce gtx 1650 + intel uhd 630,68,6,DDR4,true,1256,https://kaspi.kz/shop/p/hp-pavilion-gaming-15-dk0025ur-7py74ea-chernyi-1307306/?c=750000000
4518,notebooks,100123730,ASUS X509UB-EJ028 90NB0ND2-M00870 серый,199990,ASUS,10,0,intel core i3 7020u,59,2300,2,nvidia geforce mx110 2gb,41,4,DDR4,false,1000,https://kaspi.kz/shop/p/asus-x509ub-ej028-90nb0nd2-m00870-seryi-100123730/?c=750000000
4522,notebooks,1307398,HP 15-db1048ur 7KE99EA черный,232900,HP,10,6,amd ryzen 5 3500u,70,2100,4,amd radeon vega 8,40,4,DDR4,true,256,https://kaspi.kz/shop/p/hp-15-db1048ur-7ke99ea-chernyi-1307398/?c=750000000
4530,notebooks,100170375,Lenovo V330-14IKB 81B0008JUA серый,241900,Lenovo,0,0,core i5 8250u,60,1600,4,intel uhd graphics 620,20,4,DDR4,false,1000,https://kaspi.kz/shop/p/lenovo-v330-14ikb-81b0008jua-seryi-100170375/?c=750000000
4531,notebooks,1307169,HP 15-dc1053ur 7QA62EA#ACB черный,379990,HP,9,2,intel core i5 9300h,68,2400,4,intel uhd graphics 630 + nvidia geforce gtx 1650,68,8,DDR4,false,1000,https://kaspi.kz/shop/p/hp-15-dc1053ur-7qa62ea-acb-chernyi-1307169/?c=750000000
4535,notebooks,100008382,Acer Swift 3 SF314-41G-R2WN NX.HFGER.003 серебристый,215290,Acer,0,0,athlon 300u,69,2400,2,amd radeon vega 3 + radeon 540x,48,4,DDR4,true,128,https://kaspi.kz/shop/p/acer-swift-3-sf314-41g-r2wn-nx-hfger-003-serebristyi-100008382/?c=750000000
4553,notebooks,1307239,HP Europe 15-DB1088UR 7PV63EA черный,216900,HP,10,2,amd ryzen 3 3200u,68,2600,2,amd radeon 530,35,4,DDR4,true,1128,https://kaspi.kz/shop/p/hp-europe-15-db1088ur-7pv63ea-chernyi-1307239/?c=750000000
4554,notebooks,1307132,Lenovo Legion Y540 81T3001RRK черный,449900,Lenovo,10,4,intel core i5 9300h,68,2400,4,nvidia geforce gtx 1650 + intel uhd graphics 630,68,8,DDR4,true,1128,https://kaspi.kz/shop/p/lenovo-legion-y540-81t3001rrk-chernyi-1307132/?c=750000000
4566,notebooks,100070656,Acer A315-55KG NX.HEHER.010 черный,234389,Acer,10,1,intel core i3 7020u,59,2300,2,nvidia geforce mx130,42,4,DDR4,false,1000,https://kaspi.kz/shop/p/acer-a315-55kg-nx-heher-010-chernyi-100070656/?c=750000000
4606,notebooks,100142774,DELL XPS 13 7390-2169 серебристый,779900,DELL,10,1,core i7 10510u,78,1800,4,intel uhd graphics,15,6,LPDDR4x,true,1024,https://kaspi.kz/shop/p/dell-xps-13-7390-2169-serebristyi-100142774/?c=750000000
4611,notebooks,100074699,Lenovo IdeaPad 330-15IKB 81DE02S3RK черный,171989,Lenovo,0,0,intel core i3 7020u,59,2300,2,intel hd 620,19,4,DDR4,false,1000,https://kaspi.kz/shop/p/lenovo-ideapad-330-15ikb-81de02s3rk-chernyi-100074699/?c=750000000
4612,notebooks,100116248,HP OMEN 15-dc1048ur черный,451900,HP,0,0,intel core i5 9300h,68,2400,4,nvidia geforce gtx 1650,68,8,DDR4,false,1000,https://kaspi.kz/shop/p/hp-omen-15-dc1048ur-chernyi-100116248/?c=750000000
4619,notebooks,100195707,ASUS X540UB-DM538 90NB0IM1-M17980 черный-золотистый,194150,ASUS,0,0,intel core i3 7020u,59,2300,2,nvidia geforce mx110 + intel hd graphics 620,41,4,DDR4,false,1000,https://kaspi.kz/shop/p/asus-x540ub-dm538-90nb0im1-m17980-chernyi-zolotistyi-100195707/?c=750000000
4638,notebooks,1305835,DELL Inspiron G3-3579 G315-7053 черный,347700,DELL,10,0,intel core i5 8300h,77,2300,4,nvidia geforce gtx 1050 + intel uhd graphics 630,54,8,DDR4,false,1000,https://kaspi.kz/shop/p/dell-inspiron-g3-3579-g315-7053-chernyi-1305835/?c=750000000
4670,notebooks,1307519,Acer Aspire A715-74G NH.Q5TER.003 черный,539900,Acer,10,1,intel core i7 9750h,93,2600,6,nvidia geforce gtx 1650 + intel hd graphics 630,68,6,DDR4,false,1000,https://kaspi.kz/shop/p/acer-aspire-a715-74g-nh-q5ter-003-chernyi-1307519/?c=750000000
4674,notebooks,100185142,Dell INSPIRON 5593 (5593-1988) синий,422900,DELL,0,0,intel core i7 1065g7,78,1300,4,nvidia geforce mx230,49,8,DDR4,true,256,https://kaspi.kz/shop/p/dell-inspiron-5593-5593-1988-sinii-100185142/?c=750000000
4679,notebooks,100089533,Lenovo Yoga C940-14IIL 81Q90078RK серый,592900,Lenovo,0,0,intel core i5 1035g4,76,1100,4,intel iris plus,21,8,DDR4,true,256,https://kaspi.kz/shop/p/lenovo-yoga-c940-14iil-81q90078rk-seryi-100089533/?c=750000000
4701,notebooks,100035248,HP Europe 240 G7 6EC23EA черный,159970,HP,0,0,intel core i3-7020u,59,,,intel hd graphics 620,20,4,DDR4,false,1000,https://kaspi.kz/shop/p/hp-europe-240-g7-6ec23ea-chernyi-100035248/?c=750000000
4707,notebooks,100085434,HP Spectre x360 13-aw0004ur 8KN53EA синий,591899,HP,10,2,intel core i5 1035g4,76,1100,4,intel iris plus graphics,21,8,DDR4,true,512,https://kaspi.kz/shop/p/hp-spectre-x360-13-aw0004ur-8kn53ea-sinii-100085434/?c=750000000
4709,notebooks,100132191,Lenovo IdeaPad S340-14API 81UV0015RK черный,139790,Lenovo,0,0,amd athlon 300u,69,2400,2,amd radeon vega 3,18,4,DDR4,false,1000,https://kaspi.kz/shop/p/lenovo-ideapad-s340-14api-81uv0015rk-chernyi-100132191/?c=750000000
4712,notebooks,1306708,DELL Inspiron G5-5587 G515-7299 черный,375900,DELL,0,0,intel core i5 8300h,77,2300,4,nvidia geforce gtx 1050 + intel hd graphics 630,54,8,DDR4,false,1000,https://kaspi.kz/shop/p/dell-inspiron-g5-5587-g515-7299-chernyi-1306708/?c=750000000
4722,notebooks,100195638,DELL Inspiron 5593-8717 серебристый,274300,DELL,0,0,intel core i5 1035g1,78,1000,4,intel uhd graphics,15,4,DDR4,true,256,https://kaspi.kz/shop/p/dell-inspiron-5593-8717-serebristyi-100195638/?c=750000000
4723,notebooks,1305495,DELL Vostro 5471-7406 серебристый-черный,272500,DELL,0,0,intel core i5 8250u,60,1600,4,uhd graphics 620,20,4,DDR4,false,1000,https://kaspi.kz/shop/p/dell-vostro-5471-7406-serebristyi-chernyi-1305495/?c=750000000
4731,notebooks,1306183,Acer Aspire 3 A315-41G NX.GYBER.029 черный,179190,Acer,10,17,amd ryzen 3 2200u,63,2500,2,amd radeon 530x,35,4,DDR4,false,1000,https://kaspi.kz/shop/p/acer-aspire-3-a315-41g-nx-gyber-029-chernyi-1306183/?c=750000000
4757,notebooks,1306547,DELL Inspiron 5370-5409 серебристый,244300,DELL,10,2,intel core i3 8130u,59,2200,2,intel hd graphics 620,20,,DDR4,true,128,https://kaspi.kz/shop/p/dell-inspiron-5370-5409-serebristyi-1306547/?c=750000000
4759,notebooks,100063382,HP Envy 15-ds0004ur черный,361900,HP,10,0,amd ryzen 3 3300u,69,2100,4,amd radeon vega 3,18,8,DDR4,true,128,https://kaspi.kz/shop/p/hp-envy-15-ds0004ur-chernyi-100063382/?c=750000000
4783,notebooks,100074746,ASUS Zenbook S UX392FA 90NB0KY1-M00530 серебристый,649900,ASUS,0,0,intel core i5 8265u,66,1600,4,intel hd graphics 620,20,8,DDR3,true,512,https://kaspi.kz/shop/p/asus-zenbook-s-ux392fa-90nb0ky1-m00530-serebristyi-100074746/?c=750000000
4791,notebooks,100065967,ASUS Zenbook UX431FL 90NB0PE1-M00370 Серебристый,419900,ASUS,0,0,intel core i5 8265u,66,1600,4,intel uhd graphics 620,20,8,LPDDR3,true,256,https://kaspi.kz/shop/p/asus-zenbook-ux431fl-90nb0pe1-m00370-serebristyi-100065967/?c=750000000
4792,notebooks,100068244,Xiaomi Mi Gaming JYU4145CN Черный,729900,Xiaomi,0,0,intel core i7 9750h,93,2800,6,nvidia geforce gtx 1050 ti + intel uhd graphics 630,54,8,LPDDR4,true,256,https://kaspi.kz/shop/p/xiaomi-mi-gaming-jyu4145cn-chernyi-100068244/?c=750000000
4793,notebooks,100129630,ASUS ZenBook 14 UM433DA-A5027T 90NB0PD6-M00630 серебристый,309900,ASUS,10,2,amd ryzen 5 3500u,70,2100,4,amd radeon vega 8,40,8,DDR4,true,256,https://kaspi.kz/shop/p/asus-zenbook-14-um433da-a5027t-90nb0pd6-m00630-serebristyi-100129630/?c=750000000
4837,notebooks,1306527,DELL Inspiron G5-5587 210-AOVT_G515-7299 черный,433633,DELL,10,1,intel core i5 8300h,77,2300,4,nvidia geforce gtx 1050 + intel hd graphics 630,54,8,DDR4,true,1008,https://kaspi.kz/shop/p/dell-inspiron-g5-5587-210-aovt-g515-7299-chernyi-1306527/?c=750000000
4841,notebooks,100013558,HP 15-rb081ur черный,115900,HP,9,6,amd a6 9220 2500 мгц,40,2500,2,amd radeon r4,19,4,DDR4,true,256,https://kaspi.kz/shop/p/hp-15-rb081ur-chernyi-100013558/?c=750000000
4871,notebooks,1306148,DELL Inspiron G5-5587 G515-7312 черный,422900,DELL,10,1,intel core i5 8300h,77,2300,4,nvidia geforce gtx 1050 + intel hd graphics 630,54,8,DDR4,false,1000,https://kaspi.kz/shop/p/dell-inspiron-g5-5587-g515-7312-chernyi-1306148/?c=750000000
4873,notebooks,100106155,Lenovo IdeaPad 330-17IKB 81DM00JLRK черный,343453,Lenovo,8,2,intel core i7-8550u,64,1800,4,amd radeon 530 4gb,35,8,DDR4,false,1000,https://kaspi.kz/shop/p/lenovo-ideapad-330-17ikb-81dm00jlrk-chernyi-100106155/?c=750000000
4874,notebooks,100106506,MSI Prestige 14 A10SC-085KZ белый,617163,MSI,0,0,intel core i5 10210u,76,1600,4,nvidia geforce gtx 1650 4gb,68,6,LPDDR3,true,512,https://kaspi.kz/shop/p/msi-prestige-14-a10sc-085kz-belyi-100106506/?c=750000000
4881,notebooks,1307162,HP ProBook 450 G6 5PP73EA серебристый,339900,HP,0,0,intel core i5 8265u,66,1600,4,intel uhd graphics 620,20,4,DDR4,false,500,https://kaspi.kz/shop/p/hp-probook-450-g6-5pp73ea-serebristyi-1307162/?c=750000000
4931,notebooks,1307313,HP Europe 15-DB1090UR 7SE91EA черный,247900,HP,10,0,amd ryzen 3 3200u,68,2600,2,amd radeon 530,35,4,DDR4,true,1128,https://kaspi.kz/shop/p/hp-europe-15-db1090ur-7se91ea-chernyi-1307313/?c=750000000
4955,notebooks,100024950,DELL Vostro 5568 210-AIXN_1 серый,305490,DELL,0,0,intel core i5 7200u,65,2500,2,nvidia geforce 940mx + intel hd graphics 620,40,4,DDR4,false,1000,https://kaspi.kz/shop/p/dell-vostro-5568-210-aixn-1-seryi-100024950/?c=750000000
4958,notebooks,100061436,DELL Inspiron 3584-6419 210-ARKI черный,243500,DELL,0,0,intel core i3 7020u,59,2300,2,amd radeon 520,37,4,DDR4,false,1000,https://kaspi.kz/shop/p/dell-inspiron-3584-6419-210-arki-chernyi-100061436/?c=750000000
4995,notebooks,100102619,Lenovo ThinkPad T590 20N40035RT черный,387270,Lenovo,0,0,intel core i5 8265u,66,1600,4,intel uhd graphics 620,20,8,DDR4,true,256,https://kaspi.kz/shop/p/lenovo-thinkpad-t590-20n40035rt-chernyi-100102619/?c=750000000
4997,notebooks,100116502,HP OMEN 15-dc1058ur черный,520900,HP,0,0,intel core i7 9750h,93,2600,6,nvidia geforce gtx 1650 4gb,68,8,DDR4,true,256,https://kaspi.kz/shop/p/hp-omen-15-dc1058ur-chernyi-100116502/?c=750000000
5015,notebooks,100172005,Lenovo ThinkPad T490 20N2006SRT черный,564790,Lenovo,0,0,intel core i5 8265u,66,1600,4,intel uhd graphics 620,20,6,DDR4,true,512,https://kaspi.kz/shop/p/lenovo-thinkpad-t490-20n2006srt-chernyi-100172005/?c=750000000
5018,notebooks,100052054,HP 15-da0324ur черный,226900,HP,10,1,intel core i3 7020u,59,2300,2,nvidia geforce mx 110,41,4,DDR4,false,1000,https://kaspi.kz/shop/p/hp-15-da0324ur-chernyi-100052054/?c=750000000
5037,notebooks,1306496,ASUS FX505GM 90NR0131-M03040 черный,554500,ASUS,10,1,intel core i5 8300h,77,2300,4,nvidia geforce gtx 1060 + intel hd graphics 630,63,6,DDR4,false,1000,https://kaspi.kz/shop/p/asus-fx505gm-90nr0131-m03040-chernyi-1306496/?c=750000000
5041,notebooks,1306716,DELL XPS 13 9365-5485 черный,579900,DELL,0,0,intel core i5 8200y,65,1300,2,intel hd graphics 615,19,8,DDR3,true,256,https://kaspi.kz/shop/p/dell-xps-13-9365-5485-chernyi-1306716/?c=750000000
5047,notebooks,100073181,Lenovo Ideapad L340 81LK00K1RK черный,326900,Lenovo,0,0,intel core i5 9300h,68,2400,4,intel uhd graphics 630 + nvidia geforce gtx 1650,68,4,DDR4,true,1128,https://kaspi.kz/shop/p/lenovo-ideapad-l340-81lk00k1rk-chernyi-100073181/?c=750000000
5090,notebooks,1306091,Lenovo IdeaPad 330 81DE01CPRK черный,263320,Lenovo,8,1,intel core i5 8250u,60,1600,4,nvidia geforce mx150 + intel hd graphics 630,47,4,DDR4,false,1000,https://kaspi.kz/shop/p/lenovo-ideapad-330-81de01cprk-chernyi-1306091/?c=750000000
5115,notebooks,1307577,Xiaomi Mi Gaming JYU4143CN черный,699900,Xiaomi,0,0,intel core i5 8300h,77,,,nvidia geforce gtx 1050 ti,54,,,false,512,https://kaspi.kz/shop/p/xiaomi-mi-gaming-jyu4143cn-chernyi-1307577/?c=750000000
5123,notebooks,100058432,Dream Machines G1650-15KZ40 черный,329970,Dream Machines,8,0,intel core i5 9300h,68,2400,4,nvidia geforce gtx 1650 + intel hd graphics 630,68,8,DDR4,true,480,https://kaspi.kz/shop/p/dream-machines-g1650-15kz40-chernyi-100058432/?c=750000000
5130,notebooks,100023245,HP Europe EliteBook 830 G6 6XE17EA#ACB серый-серебристый,743016,HP,0,0,intel core i5 8265u,66,1600,4,intel uhd graphics 620,20,6,DDR4,true,512,https://kaspi.kz/shop/p/hp-europe-elitebook-830-g6-6xe17ea-acb-seryi-serebristyi-100023245/?c=750000000
5135,notebooks,100154501,HP Spectre x360 13-ap0020ur 5SY23EA темно-серый,604900,HP,0,0,intel core i5 8265u,66,1600,4,intel uhd graphics 620,20,8,DDR4,false,512,https://kaspi.kz/shop/p/hp-spectre-x360-13-ap0020ur-5sy23ea-temno-seryi-100154501/?c=750000000
5138,notebooks,100041730,HP Pavilion 14-dh0018ur/14 серебристый,373900,HP,0,0,intel core i5 8265u,66,,,intel uhd graphics 620 + nvidia geforce mx130,42,8,DDR4,true,256,https://kaspi.kz/shop/p/hp-pavilion-14-dh0018ur-14-serebristyi-100041730/?c=750000000
5178,notebooks,1307348,Acer Swift 3 SF314-54 NX.GXZER.022 серебристый,279290,Acer,10,6,intel core i3 8130u,59,2200,2,intel uhd graphics 620,20,8,,true,512,https://kaspi.kz/shop/p/acer-swift-3-sf314-54-nx-gxzer-022-serebristyi-1307348/?c=750000000
5201,notebooks,100065962,ASUS Zenbook Flip UX362FA 90NB0JC2-M06170 Черный,459900,ASUS,10,1,intel core i5 8265u,66,1600,4,intel uhd graphics 620,20,8,LPDDR3,true,512,https://kaspi.kz/shop/p/asus-zenbook-flip-ux362fa-90nb0jc2-m06170-chernyi-100065962/?c=750000000
5214,notebooks,1304700,HP Probook 450 G5 2RS16EA серебристый,313900,HP,0,0,intel core i3 7100u,60,2400,2,intel hd graphics 620,20,4,DDR4,false,500,https://kaspi.kz/shop/p/hp-probook-450-g5-2rs16ea-serebristyi-1304700/?c=750000000
5231,notebooks,100102684,Lenovo V130-15IKB 81HN00FFUA серый,199689,Lenovo,10,1,intel core i3 7020u,59,2300,2,intel hd graphics 620,20,4,DDR4,false,500,https://kaspi.kz/shop/p/lenovo-v130-15ikb-81hn00ffua-seryi-100102684/?c=750000000
5248,notebooks,100195454,DELL Inspiron 5491-5565 серый-черный,413500,DELL,0,0,intel core i5 10210u,76,1600,4,intel uhd graphics,15,8,DDR4,true,512,https://kaspi.kz/shop/p/dell-inspiron-5491-5565-seryi-chernyi-100195454/?c=750000000
5252,notebooks,100195642,DELL Inspiron 5593-8694 серебристый,234900,DELL,0,0,intel core i3 1005g1,72,1200,2,intel uhd graphics,15,4,DDR4,true,256,https://kaspi.kz/shop/p/dell-inspiron-5593-8694-serebristyi-100195642/?c=750000000
5253,notebooks,100195646,DELL Inspiron 5593-1926 серебристый,253700,DELL,0,0,intel core i3 1005g1,72,1200,2,intel uhd graphics,15,4,DDR4,true,256,https://kaspi.kz/shop/p/dell-inspiron-5593-1926-serebristyi-100195646/?c=750000000
5281,notebooks,100179006,Lenovo ThinkBook S-13-IML 20RR0031RU серебристый,436900,Lenovo,0,0,intel core i7 10510u,78,1800,4,intel uhd graphics,15,8,DDR4,true,512,https://kaspi.kz/shop/p/lenovo-thinkbook-s-13-iml-20rr0031ru-serebristyi-100179006/?c=750000000
5333,notebooks,1306980,Acer Aspire 3 A315-53G NX.H9JER.003 черный,199900,Acer,10,6,intel core i3 7020u,59,2300,2,nvidia geforce mx130 + intel uhd graphics 620,42,4,DDR4,false,1000,https://kaspi.kz/shop/p/acer-aspire-3-a315-53g-nx-h9jer-003-chernyi-1306980/?c=750000000
5344,notebooks,100074415,HP Pavilion x360 14-dh003ur 6PS36EA черный,349900,HP,0,0,intel core i5 8265u,66,1600,4,intel uhd graphics 620,20,8,DDR4,true,256,https://kaspi.kz/shop/p/hp-pavilion-x360-14-dh003ur-6ps36ea-chernyi-100074415/?c=750000000
5387,notebooks,1306462,Lenovo Ideapad 330 81FK00CXRK серый,439900,Lenovo,0,0,intel core i7 8750h,85,2200,6,nvidia geforce gtx 1050 + intel hd graphics 630,54,6,DDR4,false,1000,https://kaspi.kz/shop/p/lenovo-ideapad-330-81fk00cxrk-seryi-1306462/?c=750000000
5461,notebooks,1304987,Acer ASPIRE E5-575G NX.GTZER.033 черный,185400,Acer,0,0,core i3 6006u,58,2000,2,nvidia geforce 940mx + intel hd graphics 520,40,4,DDR4,false,500,https://kaspi.kz/shop/p/acer-aspire-e5-575g-nx-gtzer-033-chernyi-1304987/?c=750000000
5511,notebooks,1307245,HP Pavilion Gaming 15-dk0031ur 7QD22EA черный,403900,HP,0,0,intel core i5 9300h,68,2400,4,intel uhd graphics 630 + nvidia geforce gtx 1050,54,8,DDR4,true,512,https://kaspi.kz/shop/p/hp-pavilion-gaming-15-dk0031ur-7qd22ea-chernyi-1307245/?c=750000000
5542,notebooks,100114396,HP ENVY 13-aq0010ur 7RZ33EA золотистый,567900,HP,0,0,intel core i5 8265u,66,1600,4,nvidia geforce mx250 2gb,49,4,DDR4,true,512,https://kaspi.kz/shop/p/hp-envy-13-aq0010ur-7rz33ea-zolotistyi-100114396/?c=750000000
5566,notebooks,1306666,HP Probook 450 G5 3QM72EA серебристый,319900,HP,0,0,intel core i3 8130u,59,2200,2,intel uhd graphics 620,20,4,DDR4,false,500,https://kaspi.kz/shop/p/hp-probook-450-g5-3qm72ea-serebristyi-1306666/?c=750000000
5589,notebooks,1307425,Lenovo ThinkPad X390 20Q0000QRT черный,626900,Lenovo,0,0,intel core i5 8265u,66,1800,4,intel uhd graphics 620,20,8,DDR4,true,256,https://kaspi.kz/shop/p/lenovo-thinkpad-x390-20q0000qrt-chernyi-1307425/?c=750000000
5591,notebooks,100002164,Lenovo ThinkPad L590 20Q7001ART черный,577685,Lenovo,0,0,intel core i5 8265u,66,1600,4,intel uhd graphics 620,20,6,DDR4,true,512,https://kaspi.kz/shop/p/lenovo-thinkpad-l590-20q7001art-chernyi-100002164/?c=750000000
5609,notebooks,100178994,Lenovo ThinkBook 14-IML 20SL002TRU серый,245000,Lenovo,0,0,intel core i3 1005g1,72,1200,2,intel uhd graphics,15,4,DDR4,true,256,https://kaspi.kz/shop/p/lenovo-thinkbook-14-iml-20sl002tru-seryi-100178994/?c=750000000
5660,notebooks,100135994,DELL Inspiron G7-7790 7790-2053 черный,549900,DELL,0,0,intel core i5 9300h,68,2400,4,nvidia geforce gtx 1660 ti 6gb,76,8,DDR4,true,512,https://kaspi.kz/shop/p/dell-inspiron-g7-7790-7790-2053-chernyi-100135994/?c=750000000
5675,notebooks,100002188,Lenovo ThinkPad T490 20N2004BRT черный,694790,Lenovo,10,1,intel core i5 8265u,66,1600,4,intel uhd graphics 620,20,6,DDR4,true,1024,https://kaspi.kz/shop/p/lenovo-thinkpad-t490-20n2004brt-chernyi-100002188/?c=750000000
5677,notebooks,1307385,DELL Inspiron 3573 210-ANWD_2 серебристый,155890,DELL,0,0,intel celeron n4000,22,1100,2,intel uhd graphics 600,18,4,DDR4,false,500,https://kaspi.kz/shop/p/dell-inspiron-3573-210-anwd-2-serebristyi-1307385/?c=750000000
5742,notebooks,100083170,HP Spectre x360 13-aw0003ur 8PK89EA коричневый-золотистый,637899,HP,0,0,intel core i5 1035g4,76,,,intel iris,21,,,true,512,https://kaspi.kz/shop/p/hp-spectre-x360-13-aw0003ur-8pk89ea-korichnevyi-zolotistyi-100083170/?c=750000000
5745,notebooks,100051478,Lenovo TP T590 20N5000ART черный,563000,Lenovo,0,0,intel core i5 8265u,66,1600,4,intel hd graphics 620,20,8,DDR4,true,256,https://kaspi.kz/shop/p/lenovo-tp-t590-20n5000art-chernyi-100051478/?c=750000000
5749,notebooks,100195578,DELL Inspiron 5593-8724 серебристый,310100,DELL,0,0,intel core i5 1035g1,78,1000,4,intel uhd graphics,15,4,DDR4,true,256,https://kaspi.kz/shop/p/dell-inspiron-5593-8724-serebristyi-100195578/?c=750000000
5776,notebooks,1307269,HP 15-db1106ur 7SD17EA черный,269900,HP,0,0,amd ryzen 7 3700u,72,2300,4,amd radeon rx vega 10,42,4,DDR4,true,1128,https://kaspi.kz/shop/p/hp-15-db1106ur-7sd17ea-chernyi-1307269/?c=750000000
5961,notebooks,100074785,ASUS VivoBook X512FA 90NB0KR2-M19080 серебристый,269900,ASUS,10,3,intel core i5 8265u,66,1600,4,intel hd graphics 620,20,4,,true,256,https://kaspi.kz/shop/p/asus-vivobook-x512fa-90nb0kr2-m19080-serebristyi-100074785/?c=750000000
6078,notebooks,1304776,DELL Vostro 5568 210-AIXN серый,345486,DELL,0,0,intel core i5 7200u,65,2500,,intel hd graphics 620,20,8,DDR4,true,256,https://kaspi.kz/shop/p/dell-vostro-5568-210-aixn-seryi-1304776/?c=750000000
6622,notebooks,1307091,Lenovo ThinkPad T590 20N4002YRT черный,679900,Lenovo,0,0,intel core i5 8265u,66,1600,4,intel uhd graphics 620,20,8,DDR4,true,1024,https://kaspi.kz/shop/p/lenovo-thinkpad-t590-20n4002yrt-chernyi-1307091/?c=750000000
6816,notebooks,1306120,Lenovo ThinkPad X1 Yoga 3 Gen 20LD003HRT черный,899900,Lenovo,0,0,intel core i7 8550u,64,1800,4,intel hd graphics 620,20,6,LPDDR3,false,1000,https://kaspi.kz/shop/p/lenovo-thinkpad-x1-yoga-3-gen-20ld003hrt-chernyi-1306120/?c=750000000
7003,notebooks,1307126,HP Omen 15-dc1052ur 7QD20EA черный,601900,HP,0,0,intel core i5 9300h,68,2400,4,nvidia geforce gtx 1660 ti + intel uhd graphics 630,76,8,DDR4,true,512,https://kaspi.kz/shop/p/hp-omen-15-dc1052ur-7qd20ea-chernyi-1307126/?c=750000000
7047,notebooks,1307165,Lenovo ThinkPad T590 20N4000KRT черный,520680,Lenovo,0,0,intel core i5 8265u,66,1600,,intel uhd graphics 620,20,8,DDR4,true,512,https://kaspi.kz/shop/p/lenovo-thinkpad-t590-20n4000krt-chernyi-1307165/?c=750000000
7686,notebooks,100024511,DELL Inspiron 3590 210-ASHF_3215141 черный,684060,DELL,0,0,intel core i7 9750h,93,2600,,intel uhd graphics 630 + nvidia geforce gtx 1660ti,76,6,DDR4,true,1256,https://kaspi.kz/shop/p/dell-inspiron-3590-210-ashf-3215141-chernyi-100024511/?c=750000000
7825,notebooks,100018515,HP Envy 13-aq0002ur серебристый,480900,HP,0,0,intel core i5 8265u,66,,,nvidia geforce mx250,49,8,DDR4,true,256,https://kaspi.kz/shop/p/hp-envy-13-aq0002ur-serebristyi-100018515/?c=750000000
7926,notebooks,1307172,HP 15-dc1055ur 7QF00EA#ACB черный,549900,HP,0,0,intel core i5 9300h,68,2400,4,intel uhd graphics 630 + nvidia geforce gtx 1650,68,6,DDR4,true,512,https://kaspi.kz/shop/p/hp-15-dc1055ur-7qf00ea-acb-chernyi-1307172/?c=750000000
7959,notebooks,1306850,Lenovo Ideapad 330-15IKBR 81DE00MFRU серый,194900,Lenovo,8,1,intel core i3 7020u,59,2300,2,intel hd graphics 620 + amd radeon 530,35,4,DDR4,false,1000,https://kaspi.kz/shop/p/lenovo-ideapad-330-15ikbr-81de00mfru-seryi-1306850/?c=750000000
7980,notebooks,1306722,Lenovo Legion Y530-15ICH 81FV00JYRK черный,507970,Lenovo,10,2,intel core i5 8300h,77,2300,4,nvidia geforce gtx 1050 + intel hd graphics 630,54,8,DDR4,false,1016,https://kaspi.kz/shop/p/lenovo-legion-y530-15ich-81fv00jyrk-chernyi-1306722/?c=750000000
8127,notebooks,100002100,Lenovo ThinkPad L490 20Q50024RT черный,611635,Lenovo,0,0,intel core i5 8265u,66,1600,4,intel uhd graphics 620,20,6,DDR4,true,512,https://kaspi.kz/shop/p/lenovo-thinkpad-l490-20q50024rt-chernyi-100002100/?c=750000000
8145,notebooks,1307561,Lenovo ThinkPad L490 20Q5001YRT черный,509905,Lenovo,0,0,intel core i5 8265u,66,1600,4,intel uhd graphics 620,20,8,DDR4,true,256,https://kaspi.kz/shop/p/lenovo-thinkpad-l490-20q5001yrt-chernyi-1307561/?c=750000000
8156,notebooks,100024311,DELL G3-3779 210-AOVV_6 черный,723299,DELL,0,0,intel core i7 8750h,85,2300,4,nvidia geforce gtx 1050 ti,54,8,DDR4,true,1128,https://kaspi.kz/shop/p/dell-g3-3779-210-aovv-6-chernyi-100024311/?c=750000000
8213,notebooks,1307528,Lenovo Legion S340-15IWL 81SY00DCRK черный,419700,Lenovo,10,1,intel core i7 9750h,93,2600,6,intel uhd graphics 630 + nvidia geforce gtx 1650,68,6,DDR4,true,512,https://kaspi.kz/shop/p/lenovo-legion-s340-15iwl-81sy00dcrk-chernyi-1307528/?c=750000000
8385,notebooks,100002174,Lenovo ThinkPad X1 Carbon 7th Gen 20QD0030RT черный,886900,Lenovo,0,0,core i5 8265u,66,1600,4,intel uhd graphics 620,20,6,LPDDR3,true,512,https://kaspi.kz/shop/p/lenovo-thinkpad-x1-carbon-7th-gen-20qd0030rt-chernyi-100002174/?c=750000000
8481,notebooks,1304969,Lenovo IdeaPad 720s 81A8001HRK серебристый,449790,Lenovo,10,0,intel core i5 7200u,65,2700,2,intel hd graphics 620,20,8,DDR4,true,256,https://kaspi.kz/shop/p/lenovo-ideapad-720s-81a8001hrk-serebristyi-1304969/?c=750000000
8555,notebooks,100170431,Lenovo ThinkPad X1 Carbon 7th Gen 20QD00L5RT черный,669790,Lenovo,0,0,intel core i5 8265u,66,1600,4,intel uhd graphics 620,20,6,LPDDR3,true,256,https://kaspi.kz/shop/p/lenovo-thinkpad-x1-carbon-7th-gen-20qd00l5rt-chernyi-100170431/?c=750000000
8662,notebooks,1307587,ASUS VivoBook 14 X403FA 90NB0LP2-M03880 серебристый,339900,ASUS,10,2,intel core i5 8265u,66,1600,4,intel uhd graphics 620,20,4,DDR3L,true,256,https://kaspi.kz/shop/p/asus-vivobook-14-x403fa-90nb0lp2-m03880-serebristyi-1307587/?c=750000000
8711,notebooks,1307022,DELL Inspiron 3581 210-ARKK_W черный,239967,DELL,0,0,intel core i3 7020u,59,2300,2,amd radeon 520,37,4,DDR4,false,1000,https://kaspi.kz/shop/p/dell-inspiron-3581-210-arkk-w-chernyi-1307022/?c=750000000
8801,notebooks,100030279,HP Envy 13-aq0000ur 6PS55EA серебристый,421900,HP,0,0,intel core i5-8265u,66,1600,4,intel uhd graphics 620,20,8,DDR4,true,256,https://kaspi.kz/shop/p/hp-envy-13-aq0000ur-6ps55ea-serebristyi-100030279/?c=750000000
8987,notebooks,1306244,HP ENVY 13-ah1021ur 5GV95EA золотистый,497900,HP,0,0,intel core i5 8265u,66,1600,4,nvidia geforce mx150 + intel uhd graphics 620,47,8,DDR3,true,128,https://kaspi.kz/shop/p/hp-envy-13-ah1021ur-5gv95ea-zolotistyi-1306244/?c=750000000
8999,notebooks,1306548,HP EliteBook 840 G5 3JX07EA серебристый,699900,HP,0,0,intel core i5 8250u,60,1600,4,intel hd graphics 620 + amd radeon rx 540,48,8,DDR4,true,512,https://kaspi.kz/shop/p/hp-elitebook-840-g5-3jx07ea-serebristyi-1306548/?c=750000000
9000,notebooks,1306549,HP Elitebook 850 G4 Z2V80EA серебристый,524900,HP,0,0,intel core i5 7300u,61,2600,2,amd radeon r7 m465 + intel hd graphics 620,52,4,DDR4,false,500,https://kaspi.kz/shop/p/hp-elitebook-850-g4-z2v80ea-serebristyi-1306549/?c=750000000
9051,notebooks,100135533,DELL XPS 13 7390-2152 черный-серебристый,733100,DELL,10,0,core i7 10510u,78,1800,4,uhd graphics,15,6,DDR3L,true,512,https://kaspi.kz/shop/p/dell-xps-13-7390-2152-chernyi-serebristyi-100135533/?c=750000000
9060,notebooks,100102575,Lenovo ThinkPad X1 Yoga 4th Gen 20QF001URT серый,873500,Lenovo,0,0,core i5 8265u,66,1600,4,intel uhd graphics 620,20,8,LPDDR3,true,256,https://kaspi.kz/shop/p/lenovo-thinkpad-x1-yoga-4th-gen-20qf001urt-seryi-100102575/?c=750000000
9082,notebooks,100115290,HP Spectre 13-ap0031ur x360 серый,585900,HP,0,0,intel core i5 8265u,66,1600,,uhd graphics 620,20,8,DDR4,true,256,https://kaspi.kz/shop/p/hp-spectre-13-ap0031ur-x360-seryi-100115290/?c=750000000
9094,notebooks,100142836,DELL XPS 13 7390-2190 белый,929900,DELL,0,0,core i7 1065g7,78,1300,4,intel iris plus,21,6,LPDDR4x,true,512,https://kaspi.kz/shop/p/dell-xps-13-7390-2190-belyi-100142836/?c=750000000
9171,notebooks,100089346,Lenovo ThinkBook S-13-IML 20RR0007RU серебристый,430254,Lenovo,0,0,intel core i5 10210u,76,1600,4,intel uhd graphics,15,8,DDR4,true,256,https://kaspi.kz/shop/p/lenovo-thinkbook-s-13-iml-20rr0007ru-serebristyi-100089346/?c=750000000
9239,notebooks,100171998,Lenovo ThinkPad E15 20RD002CRT черный,499900,Lenovo,0,0,intel core i5 10210u,76,1600,4,intel uhd graphics,15,8,DDR4,true,512,https://kaspi.kz/shop/p/lenovo-thinkpad-e15-20rd002crt-chernyi-100171998/?c=750000000
9247,notebooks,100172019,Lenovo ThinkPad X1 Carbon 7th Gen 20QD00LJRT черный,884900,Lenovo,0,0,core i5 8265u,66,1600,4,intel uhd graphics 620,20,6,LPDDR3,true,512,https://kaspi.kz/shop/p/lenovo-thinkpad-x1-carbon-7th-gen-20qd00ljrt-chernyi-100172019/?c=750000000
9275,notebooks,100142663,DELL XPS 13 7390-2183 серебристый,899900,DELL,6,1,core i7 1065g7,78,1300,4,intel iris plus,21,6,LPDDR4x,true,512,https://kaspi.kz/shop/p/dell-xps-13-7390-2183-serebristyi-100142663/?c=750000000
9525,notebooks,100172011,Lenovo ThinkPad X390 20Q0000PRT черный,669900,Lenovo,0,0,intel core i5 8265u,66,1600,4,intel uhd graphics 620,20,8,DDR4,true,512,https://kaspi.kz/shop/p/lenovo-thinkpad-x390-20q0000prt-chernyi-100172011/?c=750000000
9593,notebooks,1307550,Lenovo Ideapad 330-15IKB 81DC014CRK серый,187585,Lenovo,0,0,intel core i3-7020u,59,,,intel hd graphics 620,20,4,,false,1000,https://kaspi.kz/shop/p/lenovo-ideapad-330-15ikb-81dc014crk-seryi-1307550/?c=750000000
9660,notebooks,100084853,ASUS Laptop X507MA-EJ314 черный-серебристый,205224,ASUS,0,0,intel pentium n5000,45,,,intel uhd graphics 605,18.5,4,DDR4,false,1000,https://kaspi.kz/shop/p/asus-laptop-x507ma-ej314-chernyi-serebristyi-100084853/?c=750000000
10436,notebooks,1307115,HP 250 G7 6BP38EA черный,200730,HP,9,1,intel core i3 7020u,59,2300,2,intel hd graphics 620,20,4,DDR4,false,500,https://kaspi.kz/shop/p/hp-250-g7-6bp38ea-chernyi-1307115/?c=750000000
10562,notebooks,100213087,HP Pavilion 15-bc519ur 7JT78EA черный,370543,HP,0,0,intel core i5 9300h,68,2400,4,nvidia geforce gtx 1050 + intel uhd graphics 630,54,8,DDR4,true,512,https://kaspi.kz/shop/p/hp-pavilion-15-bc519ur-7jt78ea-chernyi-100213087/?c=750000000
10606,notebooks,1305895,DELL Inspiron G5-5587 G515-7343 красный-черный,404100,DELL,0,0,intel core i5 8300h,77,2300,4,nvidia geforce gtx 1050ti + intel hd graphics 630,57,8,DDR4,true,1128,https://kaspi.kz/shop/p/dell-inspiron-g5-5587-g515-7343-krasnyi-chernyi-1305895/?c=750000000
10662,notebooks,1306704,DELL Inspiron G3-3579 G315-7060 черный,347700,DELL,0,0,intel core i5 8300h,77,2300,4,nvidia geforce gtx 1050 + intel uhd graphics 630,54,8,DDR4,false,1000,https://kaspi.kz/shop/p/dell-inspiron-g3-3579-g315-7060-chernyi-1306704/?c=750000000
10700,notebooks,1307118,HP ProBook 450 G5 3QM73EA серебристый,229900,HP,0,0,intel core i3 8130u,59,2200,2,intel uhd graphics 620,20,4,DDR4,false,500,https://kaspi.kz/shop/p/hp-probook-450-g5-3qm73ea-serebristyi-1307118/?c=750000000
10814,notebooks,1307182,HP Europe 15-bs166ur 4UK92EA черный,192990,HP,6,1,intel core i3 5005u,56,2000,2,intel hd graphics,15,4,DDR3L,false,1000,https://kaspi.kz/shop/p/hp-europe-15-bs166ur-4uk92ea-chernyi-1307182/?c=750000000
13721,notebooks,100008228,Lenovo Ideapad S145-15API 81UT000PRK серый,152900,Lenovo,10,21,amd ryzen 3 3200u,68,2600,2,amd radeon vega 3,18,4,DDR4,true,256,https://kaspi.kz/shop/p/lenovo-ideapad-s145-15api-81ut000prk-seryi-100008228/?c=750000000
13747,notebooks,100002087,Lenovo IdeaPad S145-15AST 81N300DFRK серый,147024,Lenovo,10,8,amd a6 9225,47,2600,2,amd radeon r4,19,4,DDR4,false,1000,https://kaspi.kz/shop/p/lenovo-ideapad-s145-15ast-81n300dfrk-seryi-100002087/?c=750000000
13767,notebooks,1307071,Acer A315-55G NX.HEDER.021 черный,311900,Acer,10,20,intel core i5 8265u,66,1600,4,intel uhd graphics 620 + nvidia geforce mx230,49,8,DDR4,false,1000,https://kaspi.kz/shop/p/acer-a315-55g-nx-heder-021-chernyi-1307071/?c=750000000
13775,notebooks,100008333,Acer Swift 3 SF314-41G-R3T1 NX.HFGER.002 серебристый,299900,Acer,10,6,ryzen 3 3200u,68,2600,2,amd radeon vega 3 + radeon 540x,48,8,DDR4,true,256,https://kaspi.kz/shop/p/acer-swift-3-sf314-41g-r3t1-nx-hfger-002-serebristyi-100008333/?c=750000000
13776,notebooks,100002043,Acer Aspire 3 A315-42 NX.HF9ER.02Y черный,220585,Acer,9,4,amd ryzen 5 3500u,70,2100,4,amd radeon vega 8,40,8,DDR4,false,1256,https://kaspi.kz/shop/p/acer-aspire-3-a315-42-nx-hf9er-02y-chernyi-100002043/?c=750000000
13790,notebooks,100008006,Acer Aspire 5 A515-43-R0NP NX.HF5ER.002 черный,299900,Acer,10,5,amd ryzen 5 3500u,70,2100,4,amd radeon vega 8 + radeon 540x,48,8,DDR4,false,1000,https://kaspi.kz/shop/p/acer-aspire-5-a515-43-r0np-nx-hf5er-002-chernyi-100008006/?c=750000000
13801,notebooks,1307365,Lenovo V155 81V5000URU серый,204790,Lenovo,10,2,amd ryzen 3 3200u,68,2600,2,amd radeon vega 3,18,8,DDR4,false,1000,https://kaspi.kz/shop/p/lenovo-v155-81v5000uru-seryi-1307365/?c=750000000
13819,notebooks,1305316,Dell Inspiron 5378-7841 210-AIUT серебристый,291948,DELL,6,1,intel core i3 7100,72,2400,2,intel hd graphics 620,20,4,DDR4,false,1000,https://kaspi.kz/shop/p/dell-inspiron-5378-7841-210-aiut-serebristyi-1305316/?c=750000000
13823,notebooks,1307085,Lenovo Ideapad 330 81DE02S5RK серый,178900,Lenovo,0,0,intel core i3 8130u,59,2200,2,intel uhd graphics 620,20,4,DDR4,false,1000,https://kaspi.kz/shop/p/lenovo-ideapad-330-81de02s5rk-seryi-1307085/?c=750000000
13825,notebooks,1307216,HP 15-db1101ur 7SD65EA черный,239900,HP,10,1,amd ryzen 5 3500u,70,2100,4,amd radeon vega 8,40,4,DDR4,false,1000,https://kaspi.kz/shop/p/hp-15-db1101ur-7sd65ea-chernyi-1307216/?c=750000000
13832,notebooks,100182096,Lenovo Legion Y7000 81NS001SRK черный,516900,Lenovo,0,0,intel core i7-9750h,93,2600,6,nvidia geforce gtx 1660 ti 6gb,76,8,DDR4,true,1128,https://kaspi.kz/shop/p/lenovo-legion-y7000-81ns001srk-chernyi-100182096/?c=750000000
13839,notebooks,1306891,HP 15-bs165ur 4UK91EA черный,171900,HP,10,6,intel core i3 5005u,56,2000,2,intel hd graphics 5500,12,4,DDR3L,false,1000,https://kaspi.kz/shop/p/hp-15-bs165ur-4uk91ea-chernyi-1306891/?c=750000000
13844,notebooks,1307131,Lenovo Legion Y540 81SY005VRK черный,449900,Lenovo,10,0,intel core i7 9750h,93,2600,6,nvidia geforce gtx 1650 + intel uhd graphics 630,68,8,DDR4,true,1128,https://kaspi.kz/shop/p/lenovo-legion-y540-81sy005vrk-chernyi-1307131/?c=750000000
13845,notebooks,1307461,ASUS VivoBook 14 X403FA 90NB0LP2-M02040 серебристый,359900,ASUS,10,4,intel core i5 8265u,66,1600,4,intel uhd graphics 620,20,8,DDR3L,true,512,https://kaspi.kz/shop/p/asus-vivobook-14-x403fa-90nb0lp2-m02040-serebristyi-1307461/?c=750000000
13846,notebooks,1306492,HP Europe 15-BS164UR 4UK90EA черный,186900,HP,9,5,intel core i3 5005u,56,2000,2,intel hd graphics 5500,12,4,DDR3L,false,1000,https://kaspi.kz/shop/p/hp-europe-15-bs164ur-4uk90ea-chernyi-1306492/?c=750000000
13856,notebooks,100069984,Lenovo Ideapad S145 81W8000QRK черный,207900,Lenovo,10,9,intel core i5 1035g4,76,1100,2,intel iris plus,21,4,DDR4,false,1000,https://kaspi.kz/shop/p/lenovo-ideapad-s145-81w8000qrk-chernyi-100069984/?c=750000000
13859,notebooks,1306256,HP 15-bs153ur 3XY41EA черный,167900,HP,10,46,intel core i3 5005u,56,2000,2,intel hd graphics 5500,12,4,DDR3L,false,500,https://kaspi.kz/shop/p/hp-15-bs153ur-3xy41ea-chernyi-1306256/?c=750000000
13860,notebooks,1306895,HP 15-db1039ur 6VN57EA черный,231900,HP,10,8,amd ryzen 5 3500u,70,2100,4,amd radeon vega 8,40,4,DDR4,true,128,https://kaspi.kz/shop/p/hp-15-db1039ur-6vn57ea-chernyi-1306895/?c=750000000
13861,notebooks,1307023,DELL Inspiron 3581 210-ARKK_L черный,214145,DELL,0,0,intel core i3 7020u,59,2300,2,amd radeon 520,37,4,DDR4,false,1000,https://kaspi.kz/shop/p/dell-inspiron-3581-210-arkk-l-chernyi-1307023/?c=750000000
13870,notebooks,1307259,HP 15-db1100ur 7SF37EA черный,231900,HP,0,0,amd ryzen 5 3500u,70,2100,4,amd radeon vega 8,40,4,DDR4,false,1000,https://kaspi.kz/shop/p/hp-15-db1100ur-7sf37ea-chernyi-1307259/?c=750000000
13871,notebooks,1307379,ASUS X543UA-DM1526 90NB0HF7-M34800 серый-черный,169900,ASUS,9,4,core i3 7020u,59,2300,2,intel hd graphics 620,20,4,DDR4,false,1000,https://kaspi.kz/shop/p/asus-x543ua-dm1526-90nb0hf7-m34800-seryi-chernyi-1307379/?c=750000000
13885,notebooks,100065861,ASUS VivoBook X505ZA 90NB0I12-M13630 Silver,179900,ASUS,8,2,amd ryzen 5 2500u,62,2000,4,amd radeon vega 8,40,6,DDR4,false,1000,https://kaspi.kz/shop/p/asus-vivobook-x505za-90nb0i12-m13630-silver-100065861/?c=750000000
13886,notebooks,1304859,Acer TravelMate TMP259-G NX.VEPER.002 черный,295125,Acer,0,0,intel core i3 7100u,60,2400,2,intel hd graphics 620,20,4,DDR4,false,500,https://kaspi.kz/shop/p/acer-travelmate-tmp259-g-nx-veper-002-chernyi-1304859/?c=750000000
13888,notebooks,1307194,Acer SF314-56G синий,419990,Acer,8,5,intel core i5 8265u,66,1600,4,intel uhd graphics 620 + nvidia geforce mx250,49,8,,true,512,https://kaspi.kz/shop/p/acer-sf314-56g-sinii-1307194/?c=750000000
13926,notebooks,1307560,HP 15-db1094ur 7RZ97EA черный,273900,HP,10,0,amd ryzen 5 3500u,70,2100,4,amd radeon vega 8,40,4,DDR4,true,1128,https://kaspi.kz/shop/p/hp-15-db1094ur-7rz97ea-chernyi-1307560/?c=750000000
13932,notebooks,1306736,ASUS VivoBook S14 S410UN 90NB0GT2-M05830 серый,328900,ASUS,10,1,intel core i5 8250u,60,1600,4,nvidia geforce mx150 + intel uhd graphics 620,47,8,DDR4,false,1000,https://kaspi.kz/shop/p/asus-vivobook-s14-s410un-90nb0gt2-m05830-seryi-1306736/?c=750000000
13951,notebooks,100104247,Lenovo IdeaPad L340-15API 81LW008WRK черный,223695,Lenovo,0,0,amd ryzen 5 3500u,70,2100,4,amd radeon vega 8,40,4,DDR4,false,1000,https://kaspi.kz/shop/p/lenovo-ideapad-l340-15api-81lw008wrk-chernyi-100104247/?c=750000000
13956,notebooks,100051411,ASUS VivoBook X403FA 90NB0LP2-M02050 серебристый,349900,ASUS,10,1,intel core i5 8265u,66,1600,4,intel uhd graphics 620,20,4,DDR3L,true,512,https://kaspi.kz/shop/p/asus-vivobook-x403fa-90nb0lp2-m02050-serebristyi-100051411/?c=750000000
13960,notebooks,100086368,Lenovo Ideapad S145 81W8000KRK серый,199900,Lenovo,10,1,intel core i3 1005g1,72,1200,2,intel uhd graphics,15,4,DDR4,false,1000,https://kaspi.kz/shop/p/lenovo-ideapad-s145-81w8000krk-seryi-100086368/?c=750000000
13964,notebooks,1306138,DELL Inspiron G5-5587 G515-7336 черный,399900,DELL,0,0,intel core i5 8300h,77,2300,4,nvidia geforce gtx 1050 ti + intel hd graphics 630,54,8,DDR4,true,1128,https://kaspi.kz/shop/p/dell-inspiron-g5-5587-g515-7336-chernyi-1306138/?c=750000000
13965,notebooks,1306709,DELL Inspiron G5-5587 G515-7305 черный,375900,DELL,0,0,intel core i5 8300h,77,2300,4,nvidia geforce gtx 1050 + intel hd graphics 630,54,8,DDR4,false,1000,https://kaspi.kz/shop/p/dell-inspiron-g5-5587-g515-7305-chernyi-1306709/?c=750000000
14009,notebooks,1306993,Lenovo V330-14KB 81B1000ERU серый,307160,Lenovo,0,0,amd ryzen 5 2500u,62,2000,4,amd radeon rx vega 8,40,8,DDR4,true,256,https://kaspi.kz/shop/p/lenovo-v330-14kb-81b1000eru-seryi-1306993/?c=750000000
14010,notebooks,100213467,ASUS ZenBook Flip 14 UX463FA-AI015T серый,499990,ASUS,0,0,intel core i7 10510u,78,1800,4,intel uhd graphics,15,8,LPDDR3,true,256,https://kaspi.kz/shop/p/asus-zenbook-flip-14-ux463fa-ai015t-seryi-100213467/?c=750000000
14013,notebooks,100062807,ASUS VivoBook S431FL 90NB0N65-M01060 зеленый-серый,357100,ASUS,10,1,intel core i5 8265u,66,1600,4,intel uhd graphics 620 + nvidia geforce mx250,49,8,DDR3L,true,512,https://kaspi.kz/shop/p/asus-vivobook-s431fl-90nb0n65-m01060-zelenyi-seryi-100062807/?c=750000000
14014,notebooks,100163493,HP Pavilion 15-bc524ur 7JU16EA черный,453900,HP,0,0,intel core i5 9300h,68,2400,4,nvidia geforce gtx 1650 + intel uhd graphics 630,68,6,DDR4,true,512,https://kaspi.kz/shop/p/hp-pavilion-15-bc524ur-7ju16ea-chernyi-100163493/?c=750000000
14015,notebooks,100185401,DELL Inspiron 5491-2121 серебристый,270600,DELL,0,0,intel core i3 10110u,71,2100,2,intel uhd graphics,15,4,DDR4,true,256,https://kaspi.kz/shop/p/dell-inspiron-5491-2121-serebristyi-100185401/?c=750000000
14018,notebooks,1307215,HP 15-db1095ur 7SF98EA черный,249900,HP,10,1,amd ryzen 5 3500u,70,2100,4,amd radeon vega 8,40,4,DDR4,true,1128,https://kaspi.kz/shop/p/hp-15-db1095ur-7sf98ea-chernyi-1307215/?c=750000000
14019,notebooks,1307266,HP 15-db1109ur 7SH53EA черный,249900,HP,0,0,amd ryzen 7 3700u,72,2300,4,amd radeon rx vega 10,42,4,DDR4,true,256,https://kaspi.kz/shop/p/hp-15-db1109ur-7sh53ea-chernyi-1307266/?c=750000000
14020,notebooks,1307505,DELL Inspiron 3584-5282 черный,199900,DELL,10,1,intel core i3 7020u,59,2300,2,intel hd graphics 620,20,4,DDR4,false,1000,https://kaspi.kz/shop/p/dell-inspiron-3584-5282-chernyi-1307505/?c=750000000
14021,notebooks,100007601,ASUS VivoBook 14 X412FL-EB063T 90NB0M12-M00670 серый,369900,ASUS,10,7,core i5 8265u,66,1600,4,intel uhd graphics 620 + nvidia geforce mx250,49,8,DDR4,true,512,https://kaspi.kz/shop/p/asus-vivobook-14-x412fl-eb063t-90nb0m12-m00670-seryi-100007601/?c=750000000
14025,notebooks,100213450,HP Pavilion 15-bc532ur 7NG09EA черный,320506,HP,0,0,intel core i5 9300h,68,2400,4,nvidia geforce gtx 1650,68,8,DDR4,false,1000,https://kaspi.kz/shop/p/hp-pavilion-15-bc532ur-7ng09ea-chernyi-100213450/?c=750000000
14035,notebooks,1306296,ASUS ZenBOOK UX331UA 90NB0GZ1-M04880 синий,339900,ASUS,0,0,intel core i3 8130u,59,2200,2,intel hd graphics 620,20,4,DDR3,true,128,https://kaspi.kz/shop/p/asus-zenbook-ux331ua-90nb0gz1-m04880-sinii-1306296/?c=750000000
14037,notebooks,1306868,DELL Inspiron 3583 3583-3991 черный,279900,DELL,0,0,core i5 8265u,66,1600,4,intel uhd graphics 620 + md radeon 520,37,4,DDR4,false,1000,https://kaspi.kz/shop/p/dell-inspiron-3583-3583-3991-chernyi-1306868/?c=750000000
14039,notebooks,1306933,HP Probook 440 G6 5PQ10EA серебристый,302990,HP,0,0,intel core i5 8265u,66,1600,4,intel uhd graphics 620,20,8,DDR4,true,256,https://kaspi.kz/shop/p/hp-probook-440-g6-5pq10ea-serebristyi-1306933/?c=750000000
14040,notebooks,1307392,HP Europe ProBook 450 G6 5TL53EA серебристый,293990,HP,0,0,core i5 8265u,66,1600,4,intel uhd graphics 620,20,8,DDR4,false,1000,https://kaspi.kz/shop/p/hp-europe-probook-450-g6-5tl53ea-serebristyi-1307392/?c=750000000
14044,notebooks,1307411,HP Europe ProBook 450 G6 5PP69EA серый,404661,HP,0,0,core i5 8265u,66,1600,4,intel uhd graphics 620,20,8,DDR4,true,1128,https://kaspi.kz/shop/p/hp-europe-probook-450-g6-5pp69ea-seryi-1307411/?c=750000000
14045,notebooks,1307414,DELL Vostro 3481 черный,197317,DELL,0,0,intel core i3 7020u,59,2300,2,intel hd graphics 620,20,4,DDR3,false,1000,https://kaspi.kz/shop/p/dell-vostro-3481-chernyi-1307414/?c=750000000
14046,notebooks,100130009,Lenovo S340-14IIL 81VV00E0RK черный,332490,Lenovo,0,0,intel core i5 1035g1,78,1000,4,intel uhd graphics,15,8,DDR4,true,256,https://kaspi.kz/shop/p/lenovo-s340-14iil-81vv00e0rk-chernyi-100130009/?c=750000000
14051,notebooks,100170482,DELL INSPIRON 5490 серебристый,312268,DELL,0,0,intel core i3 10110u,71,1700,,intel uhd graphics,15,4,DDR3L,true,256,https://kaspi.kz/shop/p/dell-inspiron-5490-serebristyi-100170482/?c=750000000
14054,notebooks,100071016,HP Europe 240 G7 6BQ02EA черный,261409,HP,0,0,intel core i3 7020u,59,2300,2,intel hd graphics 620,20,4,DDR4,false,1000,https://kaspi.kz/shop/p/hp-europe-240-g7-6bq02ea-chernyi-100071016/?c=750000000
14055,notebooks,100106610,DELL Vostro 3490 черный,458643,DELL,0,0,intel core i5 10210u,76,1600,4,intel uhd graphics 620,20,8,DDR4,true,256,https://kaspi.kz/shop/p/dell-vostro-3490-chernyi-100106610/?c=750000000
